SHD,BDeu Score,dfMM,dfMM plus,dfMM minus,Total time(s)
24,-56984.86107618528,1.5675675675675675,12.0,46.0,2
