SHD,LL Score,BDeu Score,dfMM,dfMM plus,dfMM minus,Total iterations,Total time(s)
24,-0.2910604262816756,-56984.86107618528,1.5675675675675675,12.0,46.0,0,3
