SHD,BDeu Score,dfMM,dfMM plus,dfMM minus,Total time(s)
181,-398127.714675001,3.8513513513513513,2.0,568.0,3
