SHD,LL Score,BDeu Score,dfMM,dfMM plus,dfMM minus,Total iterations,Total time(s)
23,-0.4188354020949571,-56927.471265134016,1.4594594594594594,16.0,38.0,8,3
