SHD,LL Score,BDeu Score,dfMM,dfMM plus,dfMM minus,Total iterations,Total time(s)
18,-0.47065998245296453,-56422.320053854455,1.1891891891891893,8.0,36.0,10,1
